name,company,year,kms_driven,Price,fuel_type,cluster
Hyundai Santro Xing XO eRLX Euro III,Hyundai,2007,45000.0,80000.0,Petrol,0
Mahindra Jeep CL550 MDI,Mahindra,2006,40.0,425000.0,Diesel,0
Hyundai Grand i10 Magna 1.2 Kappa VTVT,Hyundai,2014,28000.0,325000.0,Petrol,2
Ford EcoSport Titanium 1.5L TDCi,Ford,2014,36000.0,575000.0,Diesel,2
Ford Figo,Ford,2012,41000.0,175000.0,Diesel,2
Hyundai Eon,Hyundai,2013,25000.0,190000.0,Petrol,2
Ford EcoSport Ambiente 1.5L TDCi,Ford,2016,24530.0,830000.0,Diesel,2
Maruti Suzuki Alto K10 VXi AMT,Maruti,2015,60000.0,250000.0,Petrol,2
Skoda Fabia Classic 1.2 MPI,Skoda,2010,60000.0,182000.0,Petrol,0
Maruti Suzuki Stingray VXi,Maruti,2015,30000.0,315000.0,Petrol,2
Hyundai Elite i20 Magna 1.2,Hyundai,2014,32000.0,415000.0,Petrol,2
Mahindra Scorpio SLE BS IV,Mahindra,2015,48660.0,320000.0,Diesel,2
Audi A8,Audi,2017,4000.0,1000000.0,Petrol,2
Audi Q7,Audi,2014,16934.0,500000.0,Diesel,2
Mahindra Scorpio S10,Mahindra,2016,43000.0,350000.0,Diesel,2
Maruti Suzuki Alto 800,Maruti,2014,35550.0,160000.0,Petrol,2
Mahindra Scorpio S10,Mahindra,2016,39522.0,310000.0,Diesel,2
Maruti Suzuki Alto 800 Vxi,Maruti,2015,39000.0,75000.0,Petrol,2
Hyundai i20 Sportz 1.2,Hyundai,2012,55000.0,100000.0,Petrol,0
Maruti Suzuki Alto 800 Lx,Maruti,2017,72000.0,190000.0,Petrol,2
Maruti Suzuki Vitara Brezza ZDi,Maruti,2016,15975.0,290000.0,Diesel,2
Maruti Suzuki Alto LX,Maruti,2008,70000.0,95000.0,Petrol,0
Mahindra Bolero DI,Mahindra,2017,23452.0,180000.0,Diesel,2
Maruti Suzuki Swift Dzire ZDi,Maruti,2014,35522.0,385000.0,Diesel,2
Mahindra Scorpio S10 4WD,Mahindra,2015,48508.0,250000.0,Diesel,2
Maruti Suzuki Swift Vdi BSIII,Maruti,2017,15487.0,180000.0,Petrol,2
Maruti Suzuki Wagon R VXi BS III,Maruti,2013,39000.0,105000.0,Petrol,2
Maruti Suzuki Wagon R VXi Minor,Maruti,2013,39000.0,105000.0,Petrol,2
Toyota Innova 2.0 G 8 STR BS IV,Toyota,2012,82000.0,650000.0,Diesel,0
Renault Lodgy 85 PS RXL,Renault,2018,20000.0,689999.0,Diesel,2
Skoda Yeti Ambition 2.0 TDI CR 4x2,Skoda,2012,68000.0,448000.0,Diesel,0
Maruti Suzuki Baleno Delta 1.2,Maruti,2017,32000.0,549000.0,Diesel,2
Renault Duster 110 PS RxZ Diesel Plus,Renault,2012,38000.0,501000.0,Diesel,2
Renault Duster 85 PS RxE Diesel,Renault,2013,27000.0,489999.0,Diesel,2
Honda City 1.5 S MT,Honda,2011,33000.0,280000.0,Petrol,2
Maruti Suzuki Dzire,Maruti,2013,46000.0,349999.0,Diesel,2
Honda Amaze,Honda,2013,46000.0,284999.0,Diesel,2
Honda Amaze 1.5 SX i DTEC,Honda,2015,36000.0,345000.0,Diesel,2
Honda City,Honda,2015,55000.0,499999.0,Petrol,2
Datsun Redi GO S,Datsun,2017,16000.0,235000.0,Petrol,2
Maruti Suzuki SX4 ZXI MT,Maruti,2010,36000.0,249999.0,Petrol,0
Mitsubishi Pajero Sport Limited Edition,Mitsubishi,2015,47000.0,1475000.0,Diesel,1
Mahindra Scorpio S10,Mahindra,2015,35000.0,395000.0,Diesel,2
Maruti Suzuki Swift VXi 1.2 ABS BS IV,Maruti,2017,30874.0,220000.0,Petrol,2
Honda City ZX CVT,Honda,2017,15000.0,170000.0,Diesel,2
Maruti Suzuki Wagon R LX BS IV,Maruti,2013,29685.0,85000.0,Petrol,2
Tata Indigo eCS LS CR4 BS IV,Tata,2017,130000.0,200000.0,Diesel,0
Mahindra Scorpio SLE BS IV,Mahindra,2012,19000.0,570000.0,Diesel,2
Volkswagen Polo Highline Exquisite P,Volkswagen,2014,60000.0,315000.0,Petrol,2
Chevrolet Spark LS 1.0,Chevrolet,2010,41000.0,110000.0,Petrol,0
Renault Duster 110PS Diesel RxZ,Renault,2012,35000.0,501000.0,Diesel,2
Honda City,Honda,2015,54000.0,448999.0,Petrol,2
Mini Cooper S 1.6,Mini,2013,13000.0,1891111.0,Petrol,1
Skoda Fabia 1.2L Diesel Ambiente,Skoda,2011,38200.0,159500.0,Diesel,0
Honda Amaze,Honda,2015,22000.0,344999.0,Petrol,2
Renault Duster,Renault,2014,50000.0,449999.0,Diesel,2
Mini Cooper S 1.6,Mini,2013,13500.0,1891111.0,Petrol,1
Mahindra Scorpio S4,Mahindra,2015,30000.0,865000.0,Diesel,2
Mahindra Scorpio VLX 2WD BS IV,Mahindra,2014,50000.0,699000.0,Diesel,2
Mahindra Quanto C8,Mahindra,2013,20000.0,375000.0,Diesel,2
Ford EcoSport,Ford,2017,39000.0,489999.0,Petrol,2
Honda Brio,Honda,2012,30000.0,224999.0,Petrol,2
Volkswagen Vento Highline Plus 1.5 Diesel AT,Volkswagen,2019,3600.0,1200000.0,Diesel,1
Hyundai i20 Magna,Hyundai,2009,32000.0,195000.0,Petrol,0
Toyota Corolla Altis Diesel D4DG,Toyota,2010,38000.0,351000.0,Diesel,0
Hyundai Verna Transform SX VTVT,Hyundai,2008,45000.0,160000.0,Petrol,0
Toyota Corolla Altis Petrol Ltd,Toyota,2009,35000.0,240000.0,Petrol,0
Honda City 1.5 EXi New,Honda,2005,50000.0,90000.0,Petrol,0
Skoda Fabia 1.2L Diesel Elegance,Skoda,2011,45863.0,155000.0,Diesel,0
BMW 3 Series 320i,BMW,2011,60500.0,600000.0,Petrol,0
Maruti Suzuki A Star Lxi,Maruti,2011,12500.0,189500.0,Petrol,2
Toyota Etios GD,Toyota,2013,60000.0,350000.0,Diesel,2
Ford Figo Diesel EXI Option,Ford,2012,35000.0,210000.0,Diesel,2
Maruti Suzuki Swift Dzire VXi 1.2 BS IV,Maruti,2014,35000.0,390000.0,Petrol,2
Chevrolet Beat LT Diesel,Chevrolet,2012,45000.0,135000.0,Diesel,0
BMW 7 Series 740Li Sedan,BMW,2009,35000.0,1600000.0,Petrol,1
Mahindra XUV500 W8 AWD 2013,Mahindra,2013,38000.0,701000.0,Diesel,2
Hyundai i10 Magna 1.2,Hyundai,2014,18000.0,265000.0,Petrol,2
Hyundai Verna Fluidic New,Hyundai,2015,35000.0,525000.0,Diesel,2
Maruti Suzuki Swift VXi 1.2 BS IV,Maruti,2013,13349.0,372000.0,Petrol,2
Maruti Suzuki Ertiga ZXI Plus,Maruti,2016,29000.0,635000.0,Petrol,2
Ford EcoSport Titanium 1.5L TDCi,Ford,2014,44000.0,550000.0,Diesel,2
Maruti Suzuki Ertiga Vxi,Maruti,2016,29000.0,575000.0,Petrol,2
Maruti Suzuki Ertiga VDi,Maruti,2013,42000.0,485000.0,Diesel,2
Maruti Suzuki Alto LXi BS III,Maruti,2012,14000.0,155000.0,Petrol,2
Hyundai Grand i10 Asta 1.1 CRDi,Hyundai,2014,49000.0,345000.0,Diesel,2
Honda Amaze 1.2 S i VTEC,Honda,2014,42000.0,325000.0,Petrol,2
Hyundai i20 Asta 1.4 CRDI 6 Speed,Hyundai,2012,36200.0,329500.0,Diesel,2
Ford Figo Diesel EXI,Ford,2014,50000.0,195000.0,Diesel,2
Maruti Suzuki Eeco 5 STR WITH AC HTR,Maruti,2015,55000.0,251111.0,Petrol,2
Maruti Suzuki Ertiga ZXi,Maruti,2014,45000.0,569999.0,Petrol,2
Maruti Suzuki Esteem LXi BS III,Maruti,2007,51000.0,69999.0,Petrol,0
Maruti Suzuki Ritz VXI,Maruti,2014,19000.0,299999.0,Petrol,2
Maruti Suzuki Dzire,Maruti,2009,46000.0,220000.0,Petrol,0
Maruti Suzuki Ritz LDi,Maruti,2013,33000.0,399999.0,Diesel,2
Maruti Suzuki Dzire VDI,Maruti,2015,104000.0,450000.0,Diesel,0
Toyota Etios Liva G,Toyota,2014,55000.0,270000.0,Petrol,2
Hyundai i20 Sportz 1.4 CRDI,Hyundai,2011,33333.0,350000.0,Diesel,2
Chevrolet Spark,Chevrolet,2012,33600.0,158400.0,Petrol,2
Maruti Suzuki Alto K10 VXi AMT,Maruti,2017,5600.0,350000.0,Petrol,2
Nissan Micra XV,Nissan,2011,41000.0,179000.0,Petrol,0
Maruti Suzuki Swift,Maruti,2007,70000.0,125000.0,Petrol,0
Maruti Suzuki Alto 800,Maruti,2018,7500.0,200000.0,Petrol,2
Honda Amaze 1.5 S i DTEC,Honda,2013,45000.0,299000.0,Diesel,2
Maruti Suzuki Alto 800 Vxi,Maruti,2015,38000.0,220000.0,Petrol,2
Chevrolet Beat,Chevrolet,2015,30000.0,150000.0,Petrol,2
Toyota Corolla,Toyota,2009,26000.0,275000.0,Unknown,0
Honda City 1.5 V MT,Honda,2010,35000.0,285000.0,Petrol,0
Ford EcoSport Trend 1.5L TDCi,Ford,2016,24330.0,830000.0,Diesel,2
Hyundai i20 Asta 1.2,Hyundai,2009,65480.0,210000.0,Petrol,0
Maruti Suzuki Swift Dzire VXi 1.2 BS IV,Maruti,2013,41000.0,340000.0,Petrol,2
Tata Indica V2 eLS,Tata,2006,20000.0,90000.0,Petrol,0
Hindustan Motors Ambassador,Hindustan,2000,200000.0,70000.0,Diesel,0
Toyota Corolla Altis 1.8 GL,Toyota,2010,70000.0,289999.0,Petrol,0
Toyota Corolla Altis 1.8 J,Toyota,2012,59000.0,349999.0,Petrol,0
Toyota Innova 2.5 GX BS IV 7 STR,Toyota,2012,99000.0,849999.0,Diesel,0
Volkswagen Jetta Highline TDI AT,Volkswagen,2014,46000.0,749999.0,Diesel,2
Volkswagen Polo Comfortline 1.2L P,Volkswagen,2015,2800.0,399999.0,Petrol,2
Volkswagen Polo,Volkswagen,2014,32000.0,274999.0,Petrol,2
Mahindra Scorpio,Mahindra,2015,22000.0,984999.0,Diesel,2
Nissan Sunny,Nissan,2012,45000.0,224999.0,Petrol,2
Hyundai Elite i20,Hyundai,2018,21000.0,599999.0,Petrol,2
Renault Kwid,Renault,2016,11000.0,244999.0,Petrol,2
Renault Duster,Renault,2013,41000.0,399999.0,Diesel,2
Renault Duster,Renault,2014,50000.0,474999.0,Diesel,2
Mahindra Scorpio VLX Airbag,Mahindra,2011,66000.0,499999.0,Diesel,0
Maruti Suzuki Alto 800 Lxi,Maruti,2018,3000.0,310000.0,Petrol,2
Chevrolet Spark LT 1.0,Chevrolet,2010,45000.0,85000.0,Petrol,0
Datsun Redi GO T O,Datsun,2016,7000.0,245000.0,Petrol,2
Maruti Suzuki Swift RS VDI,Maruti,2010,38500.0,189500.0,Diesel,0
Fiat Punto Emotion 1.2,Fiat,2012,37200.0,169500.0,Diesel,2
Maruti Suzuki Swift RS VDI,Maruti,2010,43200.0,159500.0,Diesel,0
Toyota Etios GD,Toyota,2013,24800.0,275000.0,Petrol,2
Hyundai i20 Sportz 1.4 CRDI,Hyundai,2014,60000.0,370000.0,Diesel,2
Hyundai i10 Sportz 1.2,Hyundai,2010,45872.0,168000.0,Petrol,0
Chevrolet Beat LT Opt Diesel,Chevrolet,2011,40000.0,150000.0,Diesel,0
Chevrolet Beat LS Diesel,Chevrolet,2011,45000.0,145000.0,Diesel,0
Chevrolet Beat LT Diesel,Chevrolet,2012,38000.0,98500.0,Diesel,2
Tata Indigo CS,Tata,2011,11400.0,85000.0,Diesel,2
Toyota Corolla Altis 1.8 J,Toyota,2015,42000.0,575000.0,Petrol,2
Honda City 1.5 V MT,Honda,2014,39000.0,549000.0,Petrol,2
Maruti Suzuki Swift VDi,Maruti,2011,47000.0,209000.0,Diesel,0
Hyundai Eon Era Plus,Hyundai,2013,27000.0,185000.0,Petrol,2
Mahindra Scorpio S10,Mahindra,2015,97200.0,900000.0,Diesel,2
Mahindra XUV500,Mahindra,2014,52000.0,699999.0,Diesel,2
Ford Fiesta,Ford,2011,55000.0,274999.0,Diesel,0
Honda City,Honda,2015,30000.0,599999.0,Diesel,2
Maruti Suzuki Wagon R,Maruti,2012,44000.0,199999.0,Petrol,2
Honda City,Honda,2014,45000.0,544999.0,Diesel,2
Hyundai i20,Hyundai,2009,31000.0,199000.0,Petrol,0
Tata Indigo eCS LX TDI BS III,Tata,2016,175430.0,320000.0,Diesel,0
Hyundai Fluidic Verna 1.6 CRDi SX,Hyundai,2015,38000.0,540000.0,Diesel,2
Mahindra Quanto C8,Mahindra,2013,37000.0,340000.0,Diesel,2
Fiat Petra ELX 1.2 PS,Fiat,2008,65000.0,75000.0,Petrol,0
Hyundai Santro Xing XS,Hyundai,2005,7500.0,49000.0,Petrol,0
Maruti Suzuki Ciaz VXi Plus,Maruti,2016,3350.0,700000.0,Petrol,2
Maruti Suzuki Zen VX,Maruti,2000,60000.0,55000.0,Petrol,0
Hyundai Creta 1.6 SX Plus Petrol,Hyundai,2017,32000.0,895000.0,Petrol,2
Mahindra Scorpio SLX,Mahindra,2007,75000.0,355000.0,Diesel,0
Mahindra Scorpio SLE BS IV,Mahindra,2012,62000.0,565000.0,Diesel,2
Toyota Innova 2.5 G BS III 8 STR,Toyota,2006,73000.0,365000.0,Diesel,0
Maruti Suzuki Alto K10 VXi AMT,Maruti,2011,41000.0,145000.0,Petrol,0
Maruti Suzuki Wagon R LXI BS IV,Maruti,2011,35000.0,210000.0,Petrol,2
Tata Nano Cx BSIV,Tata,2013,2200.0,40000.0,Petrol,2
Maruti Suzuki Alto Std BS IV,Maruti,2013,39000.0,125000.0,Petrol,2
Maruti Suzuki Wagon R LXi BS III,Maruti,2009,45000.0,135000.0,Petrol,0
Maruti Suzuki Swift VXI BSIII,Maruti,2006,45000.0,135000.0,Petrol,0
Tata Sumo Victa EX 10 by 7 Str BSIII,Tata,2012,65000.0,285000.0,Diesel,0
Maruti Suzuki Wagon R LXi BS III,Maruti,2010,54870.0,145000.0,Petrol,0
Maruti Suzuki Alto LXi BS III,Maruti,2010,34580.0,135000.0,Petrol,0
Volkswagen Passat Diesel Comfortline AT,Volkswagen,2009,97000.0,450000.0,Diesel,0
Renault Scala RxL Diesel Travelogue,Renault,2015,25000.0,375000.0,Diesel,2
Hyundai Grand i10 Sportz O 1.2 Kappa VTVT,Hyundai,2014,20000.0,365000.0,Petrol,2
Hyundai i20 Active 1.2 SX,Hyundai,2015,18000.0,500000.0,Petrol,2
Mahindra Xylo E4,Mahindra,2012,35000.0,400000.0,Diesel,2
Mahindra Jeep MM 550 XDB,Mahindra,2019,60.0,390000.0,Diesel,2
Mahindra Bolero SLE BS IV,Mahindra,2013,80200.0,330000.0,Diesel,0
Force Motors Force One LX ABS 7 STR,Force,2015,3200.0,580000.0,Diesel,2
Maruti Suzuki SX4,Maruti,2012,46000.0,265000.0,Diesel,2
Mahindra Jeep CL550 MDI,Mahindra,2019,0.0,379000.0,Diesel,2
Maruti Suzuki Alto 800,Maruti,2015,5000.0,219000.0,Petrol,2
Mahindra Jeep CL550 MDI,Mahindra,2018,588.0,385000.0,Diesel,2
Toyota Etios,Toyota,2011,36000.0,275000.0,Diesel,2
Volkswagen Polo,Volkswagen,2015,38000.0,330000.0,Diesel,2
Honda City ZX VTEC,Honda,2008,45000.0,110000.0,Petrol,0
Maruti Suzuki Wagon R LX BS III,Maruti,2006,71200.0,80000.0,Petrol,0
Honda City VX O MT Diesel,Honda,2016,52000.0,519000.0,Diesel,2
Mahindra Thar CRDe 4x4 AC,Mahindra,2016,29000.0,730000.0,Diesel,2
Audi A4 1.8 TFSI Multitronic Premium Plus,Audi,2009,47000.0,699000.0,Petrol,0
Mercedes Benz GLA Class 200 CDI Sport,Mercedes,2015,20000.0,2000000.0,Diesel,1
Land Rover Freelander 2 SE,Land,2015,30000.0,2100000.0,Diesel,1
Renault Kwid RXT,Renault,2017,5000.0,340000.0,Petrol,2
Tata Aria Pleasure 4X2,Tata,2014,35000.0,390000.0,Diesel,2
Mercedes Benz B Class B180 Sports,Mercedes,2014,31000.0,1400000.0,Petrol,1
Datsun GO T O,Datsun,2016,7000.0,245000.0,Petrol,2
Tata Indigo eCS LX TDI BS III,Tata,2016,175400.0,320000.0,Diesel,0
Honda Jazz VX MT,Honda,2016,41000.0,450000.0,Petrol,2
Honda Amaze 1.2 S i VTEC,Honda,2014,33000.0,311000.0,Petrol,2
Honda City,Honda,2012,45000.0,399999.0,Petrol,2
Honda City,Honda,2015,39000.0,599999.0,Diesel,2
Mahindra Scorpio S4,Mahindra,2015,30000.0,855000.0,Diesel,2
Hyundai i20 Active 1.4L SX O,Hyundai,2015,37000.0,535000.0,Diesel,2
Mini Cooper S,Mini,2013,13000.0,1891111.0,Petrol,1
Maruti Suzuki Ciaz ZXI Plus,Maruti,2017,14000.0,699000.0,Petrol,2
Chevrolet Tavera Neo,Chevrolet,2013,55000.0,375000.0,Diesel,2
Hyundai Eon Sportz,Hyundai,2012,30000.0,178000.0,Petrol,2
Tata Sumo Gold Select Variant,Tata,2013,50000.0,300000.0,Diesel,2
Maruti Suzuki Wagon R 1.0,Maruti,2003,45000.0,90000.0,Petrol,0
Maruti Suzuki Esteem VXi BS III,Maruti,2006,45000.0,95000.0,Petrol,0
Maruti Suzuki Eeco 5 STR WITH AC HTR,Maruti,2015,9300.0,255000.0,Petrol,2
Chevrolet Enjoy 1.4 LS 8 STR,Chevrolet,2013,55000.0,245000.0,Diesel,2
Maruti Suzuki Wagon R 1.0 VXi,Maruti,2015,22000.0,289999.0,Petrol,2
Nissan Terrano XL D Plus,Nissan,2015,60000.0,499999.0,Diesel,2
Renault Duster 85 PS RxE Diesel,Renault,2014,59000.0,489999.0,Diesel,2
Renault Duster 85 PS RxL Diesel,Renault,2015,19000.0,549999.0,Diesel,2
Maruti Suzuki Dzire ZXI,Maruti,2013,30000.0,380000.0,Petrol,2
Renault Kwid RXT Opt,Renault,2018,15000.0,325000.0,Petrol,2
Maruti Suzuki Maruti 800 Std,Maruti,2003,56758.0,57000.0,Petrol,0
Renault Kwid 1.0 RXT AMT,Renault,2018,10000.0,349999.0,Petrol,2
Renault Scala RxL Diesel,Renault,2014,49000.0,349999.0,Diesel,2
Hyundai Grand i10 Asta 1.2 Kappa VTVT O,Hyundai,2014,41000.0,410000.0,Petrol,2
Maruti Suzuki Swift Dzire VXi 1.2 BS IV,Maruti,2011,45000.0,225000.0,Petrol,0
Chevrolet Beat LS Petrol,Chevrolet,2010,43000.0,120000.0,Petrol,0
Hyundai Santro Xing XO eRLX Euro III,Hyundai,2000,56450.0,59000.0,Petrol,0
Chevrolet Beat LS Petrol,Chevrolet,2010,56000.0,80000.0,Petrol,0
Chevrolet Beat LS Petrol,Chevrolet,2015,32700.0,220000.0,Petrol,2
Ford EcoSport Titanium 1.5L TDCi,Ford,2016,30000.0,599000.0,Diesel,2
Hyundai Accent GLX,Hyundai,2006,56000.0,80000.0,Petrol,0
Mahindra TUV300 T4 Plus,Mahindra,2016,9000.0,675000.0,Diesel,2
Tata Indica V2 Xeta e GLE,Tata,2008,11000.0,150000.0,Petrol,0
Tata Indigo CS LS DiCOR,Tata,2009,46000.0,72500.0,Diesel,0
Maruti Suzuki Swift VXi 1.2 ABS BS IV,Maruti,2019,73.0,610000.0,Petrol,2
Mahindra Scorpio VLX Special Edition BS III,Mahindra,2004,160000.0,230000.0,Diesel,0
Honda Accord,Honda,2009,58559.0,175000.0,Petrol,0
Ford EcoSport Titanium 1.5 TDCi,Ford,2014,57000.0,520000.0,Diesel,2
Maruti Suzuki Ertiga,Maruti,2015,50000.0,524999.0,Diesel,2
Honda Amaze,Honda,2014,37000.0,299999.0,Petrol,2
Maruti Suzuki Dzire,Maruti,2012,40000.0,299999.0,Petrol,2
Honda City,Honda,2011,55000.0,284999.0,Petrol,0
Mahindra Scorpio 2.6 CRDe,Mahindra,2007,170000.0,220000.0,Diesel,0
Maruti Suzuki Dzire,Maruti,2014,55000.0,424999.0,Diesel,2
Honda City,Honda,2015,39000.0,644999.0,Petrol,2
Honda Mobilio,Honda,2014,44000.0,399999.0,Petrol,2
Toyota Corolla Altis,Toyota,2009,65000.0,199999.0,Petrol,0
Honda City,Honda,2014,39000.0,584999.0,Petrol,2
Skoda Laura,Skoda,2012,44000.0,349999.0,Diesel,2
Renault Duster,Renault,2015,49000.0,449999.0,Diesel,2
Maruti Suzuki Ertiga,Maruti,2018,9000.0,799999.0,Diesel,2
Maruti Suzuki Dzire,Maruti,2015,45000.0,444999.0,Diesel,2
Mahindra XUV500,Mahindra,2014,47000.0,649999.0,Diesel,2
Hyundai Verna Fluidic,Hyundai,2012,40000.0,444999.0,Diesel,2
Maruti Suzuki Vitara Brezza,Maruti,2016,29000.0,689999.0,Diesel,2
Maruti Suzuki Wagon R,Maruti,2016,15000.0,344999.0,Petrol,2
Mahindra Scorpio,Mahindra,2015,45000.0,944999.0,Diesel,2
Honda Amaze,Honda,2014,35000.0,274999.0,Petrol,2
Mahindra XUV500,Mahindra,2013,80000.0,689999.0,Diesel,2
Mahindra Scorpio,Mahindra,2013,68000.0,574999.0,Diesel,2
Skoda Laura,Skoda,2013,50000.0,374999.0,Diesel,2
Volkswagen Polo,Volkswagen,2010,60000.0,199999.0,Diesel,0
Hyundai Elite i20,Hyundai,2016,9000.0,549999.0,Petrol,2
Tata Manza Aura Quadrajet,Tata,2012,72000.0,130000.0,Diesel,0
Chevrolet Sail UVA Petrol LT ABS,Chevrolet,2013,60000.0,210000.0,Petrol,2
Hyundai Verna Fluidic 1.6 VTVT SX,Hyundai,2013,45000.0,401000.0,Diesel,2
Audi A4 2.0 TDI 177bhp Premium,Audi,2012,40000.0,1350000.0,Diesel,1
Hyundai Elantra SX,Hyundai,2013,20000.0,600000.0,Petrol,2
Mahindra Scorpio VLX 4WD Airbag,Mahindra,2013,35000.0,610000.0,Diesel,2
Mahindra KUV100 K8 D 6 STR,Mahindra,2016,20000.0,400000.0,Diesel,2
Hyundai Grand i10,Hyundai,2017,6821.0,524999.0,Petrol,2
Hyundai i20,Hyundai,2014,23000.0,449999.0,Petrol,2
Hyundai Eon,Hyundai,2014,14000.0,174999.0,Petrol,2
Hyundai i10,Hyundai,2012,38000.0,244999.0,Petrol,2
Hyundai i20 Active,Hyundai,2015,35000.0,574999.0,Diesel,2
Datsun Redi GO,Datsun,2017,22000.0,244999.0,Petrol,2
Toyota Etios Liva,Toyota,2011,41000.0,239999.0,Petrol,0
Hyundai Accent,Hyundai,2010,45000.0,99999.0,Petrol,0
Hyundai Verna,Hyundai,2014,44000.0,489999.0,Diesel,2
Maruti Suzuki Swift,Maruti,2013,45000.0,324999.0,Diesel,2
Toyota Fortuner,Toyota,2011,52000.0,1074999.0,Diesel,1
Hyundai i10 Sportz,Hyundai,2012,34000.0,230000.0,Petrol,2
Mahindra Bolero Power Plus SLE,Mahindra,2018,1800.0,699000.0,Diesel,2
Mahindra XUV500,Mahindra,2015,15000.0,1000000.0,Diesel,2
Honda City 1.5 V MT Exclusive,Honda,2010,400000.0,240000.0,Petrol,0
Chevrolet Spark LT 1.0 Airbag,Chevrolet,2009,44000.0,110000.0,Petrol,0
Mahindra XUV500,Mahindra,2016,72000.0,1130000.0,Diesel,1
Tata Indigo eCS VX CR4 BS IV,Tata,2014,40000.0,250000.0,Diesel,2
Skoda Rapid Elegance 1.6 TDI CR MT,Skoda,2013,48000.0,340000.0,Diesel,2
Tata Vista Quadrajet VX,Tata,2011,90000.0,120000.0,Diesel,0
Maruti Suzuki Alto K10 VXi AT,Maruti,2015,12000.0,265000.0,Petrol,2
Maruti Suzuki Zen LXi BS III,Maruti,2003,69900.0,85000.0,Petrol,0
Hyundai i10 Magna 1.2,Hyundai,2011,45000.0,175000.0,Petrol,0
Maruti Suzuki Swift Dzire Tour LDi,Maruti,2016,166000.0,350000.0,Diesel,0
Honda City ZX EXi,Honda,2008,42000.0,149000.0,Petrol,0
Mahindra Jeep MM 550 XDB,Mahindra,2006,122.0,425000.0,Diesel,0
Chevrolet Beat Diesel,Chevrolet,2017,62000.0,150000.0,Diesel,2
Honda City 1.5 S MT,Honda,2010,70000.0,225000.0,Petrol,0
Hyundai Verna 1.4 VTVT,Hyundai,2014,36000.0,375000.0,Petrol,2
Toyota Innova 2.5 E MS 7 STR BS IV,Toyota,2012,0.0,770000.0,Diesel,2
Maruti Suzuki Maruti 800 Std â Befo,Maruti,1995,55000.0,30000.0,Petrol,0
Maruti Suzuki Swift,Maruti,2014,55000.0,335000.0,Diesel,2
Hyundai Elite i20 Asta 1.4 CRDI,Hyundai,2015,20000.0,450000.0,Diesel,2
Maruti Suzuki Swift Dzire VXi 1.2 BS IV,Maruti,2012,40000.0,225000.0,Petrol,2
Maruti Suzuki Versa DX2 8 SEATER BSIII,Maruti,2004,50000.0,80000.0,Petrol,0
Tata Indigo LX TDI BS III,Tata,2016,104000.0,130000.0,Diesel,0
Volkswagen Vento Konekt Diesel Highline,Volkswagen,2011,65000.0,245000.0,Diesel,0
Mercedes Benz C Class 200 CDI Classic,Mercedes,2002,41000.0,399000.0,Petrol,0
Maruti Suzuki Ertiga VDi,Maruti,2013,90000.0,450000.0,Diesel,0
Honda City,Honda,2000,80000.0,65000.0,Petrol,0
Hyundai Santro Xing GLS,Hyundai,2006,46000.0,75000.0,Petrol,0
Maruti Suzuki Omni Limited Edition,Maruti,2001,70000.0,70000.0,Petrol,0
Hyundai Sonata Transform 2.4 GDi MT,Hyundai,2017,36469.0,190000.0,Diesel,2
Hyundai Elite i20 Sportz 1.2,Hyundai,2018,7800.0,600000.0,Petrol,2
Maruti Suzuki Alto 800 Lxi,Maruti,2017,60000.0,240000.0,Petrol,2
Maruti Suzuki Alto LXi BS III,Maruti,2011,32000.0,155000.0,Petrol,2
Honda Jazz S MT,Honda,2009,24695.0,169999.0,Petrol,0
Hyundai Grand i10 Sportz 1.2 Kappa VTVT,Hyundai,2017,15141.0,450000.0,Petrol,2
Maruti Suzuki Zen LXi BSII,Maruti,2001,40000.0,40000.0,Petrol,0
Mahindra Scorpio W Turbo 2.6DX 9 Seater,Mahindra,2012,65000.0,165000.0,Diesel,0
Maruti Suzuki Alto K10 VXi,Maruti,2014,22000.0,270000.0,Petrol,2
Hyundai Grand i10 Asta 1.2 Kappa VTVT,Hyundai,2016,59910.0,280000.0,Diesel,2
Mahindra XUV500 W8,Mahindra,2012,100000.0,560000.0,Diesel,0
Hyundai Creta 1.6 SX Plus Petrol,Hyundai,2016,25000.0,950000.0,Petrol,2
Hyundai i20 Magna O 1.2,Hyundai,2013,35000.0,310000.0,Petrol,2
Renault Duster 85 PS RxL Explore LE,Renault,2015,65000.0,715000.0,Diesel,2
Hyundai Grand i10 Sportz 1.2 Kappa VTVT,Hyundai,2014,35000.0,340000.0,Petrol,2
Honda Brio V MT,Honda,2012,33000.0,235000.0,Petrol,2
Mahindra TUV300 T4 Plus,Mahindra,2017,68000.0,610000.0,Diesel,2
Chevrolet Spark LS 1.0,Chevrolet,2010,23000.0,95000.0,Petrol,0
Mahindra TUV300 T8,Mahindra,2018,4500.0,1000000.0,Diesel,2
Maruti Suzuki Swift Dzire Tour LDi,Maruti,2015,129000.0,220000.0,Diesel,0
Nissan X Trail Select Variant,Nissan,2019,300.0,1200000.0,Diesel,1
Maruti Suzuki Alto 800 Vxi,Maruti,2015,5000.0,230000.0,Petrol,2
Ford Ikon 1.3 CLXi NXt Finesse,Ford,2001,65000.0,45000.0,Petrol,0
Toyota Fortuner 3.0 4x4 MT,Toyota,2010,131000.0,940000.0,Diesel,0
Tata Manza ELAN Quadrajet,Tata,2010,111111.0,155555.0,Petrol,0
Mercedes Benz A Class A 180 Sport Petrol,Mercedes,2013,14000.0,1500000.0,Petrol,1
Chevrolet Beat LS Diesel,Chevrolet,2016,22000.0,210000.0,Diesel,2
Ford EcoSport Trend 1.5L TDCi,Ford,2013,38000.0,495000.0,Diesel,2
Tata Indigo LS,Tata,2016,70000.0,125000.0,Diesel,2
Hyundai i20 Magna 1.2,Hyundai,2010,36000.0,195000.0,Petrol,0
Volkswagen Vento Highline Plus 1.5 Diesel AT,Volkswagen,2015,34000.0,550000.0,Diesel,2
Renault Kwid RXT,Renault,2015,43000.0,270000.0,Petrol,2
Ford EcoSport Titanium 1.5L TDCi,Ford,2014,40000.0,500000.0,Diesel,2
Honda Amaze 1.5 E i DTEC,Honda,2016,160000.0,240000.0,Diesel,0
Hyundai Verna 1.6 EX VTVT,Hyundai,2017,12000.0,800000.0,Petrol,2
BMW 5 Series 520d Sedan,BMW,2011,49000.0,1299000.0,Diesel,1
Skoda Superb 1.8 TFSI AT,Skoda,2011,68000.0,530000.0,Petrol,0
Audi Q3 2.0 TDI quattro Premium,Audi,2013,37000.0,1499000.0,Diesel,1
Mahindra Bolero DI BSII,Mahindra,2012,59466.0,220000.0,Diesel,0
Ford Figo Duratorq Diesel Titanium 1.4,Ford,2012,99000.0,250000.0,Diesel,0
Maruti Suzuki Wagon R VXI BS IV,Maruti,2018,25500.0,395000.0,Petrol,2
Mahindra Logan Diesel 1.5 DLS,Mahindra,2009,66000.0,130000.0,Petrol,0
Tata Nano GenX XMA,Tata,2010,44005.0,32000.0,Petrol,0
Mahindra TUV300 T4 Plus,Mahindra,2016,35000.0,540000.0,Diesel,2
Hyundai Elite i20 Magna 1.2,Hyundai,2015,28000.0,405000.0,Petrol,2
Hyundai Elite i20 Magna 1.2,Hyundai,2015,30000.0,400000.0,Petrol,2
Honda City SV,Honda,2017,4000.0,760000.0,Petrol,2
Maruti Suzuki Baleno Delta 1.2,Maruti,2016,28000.0,500000.0,Petrol,2
Ford Figo Petrol LXI,Ford,2011,75000.0,175000.0,Petrol,0
Honda City,Honda,2017,3000.0,750000.0,Petrol,2
Hyundai Elite i20 Magna 1.2,Hyundai,2015,20000.0,419000.0,Petrol,2
Maruti Suzuki Versa DX2 8 SEATER BSIII,Maruti,2004,50000.0,90000.0,Petrol,0
Hyundai Eon Era Plus,Hyundai,2018,2110.0,140000.0,Petrol,2
Mitsubishi Pajero Sport Limited Edition,Mitsubishi,2015,43222.0,1540000.0,Petrol,1
Hyundai i10 Magna 1.2 Kappa2,Hyundai,2008,100200.0,275000.0,Petrol,0
Toyota Corolla H2,Toyota,2003,100000.0,150000.0,Petrol,0
Maruti Suzuki Swift Dzire Tour VXi,Maruti,2011,65.0,230000.0,Petrol,2
Tata Indigo CS eLS BS IV,Tata,2015,100000.0,123000.0,Diesel,0
Hyundai Xcent Base 1.1 CRDi,Hyundai,2016,140000.0,300000.0,Diesel,0
Hyundai Accent Executive Edition,Hyundai,2009,48000.0,165000.0,Petrol,0
Maruti Suzuki Baleno Delta 1.2,Maruti,2016,22000.0,498000.0,Petrol,2
Tata Zest XE 75 PS Diesel,Tata,2018,103553.0,480000.0,Diesel,2
Maruti Suzuki Dzire LDI,Maruti,2017,80000.0,488000.0,Diesel,2
Tata Sumo Gold LX BS IV,Tata,2014,99000.0,250000.0,Diesel,0
Toyota Corolla Altis GL Petrol,Toyota,2010,58000.0,220000.0,Petrol,0
Maruti Suzuki Eeco 7 STR,Maruti,2013,70000.0,290000.0,LPG,0
Toyota Fortuner 3.0 4x2 MT,Toyota,2015,120000.0,1525000.0,Diesel,1
Mahindra XUV500 W6,Mahindra,2013,49800.0,548900.0,Diesel,2
Tata Tigor Revotron XZ,Tata,2019,100.0,650000.0,Diesel,2
Maruti Suzuki 800,Maruti,2001,81876.0,55000.0,Petrol,0
Maruti Suzuki Ertiga Vxi,Maruti,2015,75000.0,550000.0,Petrol,2
Honda Mobilio S i DTEC,Honda,2014,44000.0,399000.0,Diesel,2
Maruti Suzuki Ertiga,Maruti,2016,55000.0,730000.0,Diesel,2
Maruti Suzuki Vitara Brezza,Maruti,2017,36000.0,725000.0,Diesel,2
Hyundai Verna 1.6 CRDI E,Hyundai,2016,56000.0,195000.0,Diesel,2
Maruti Suzuki Swift VXI BSIII,Maruti,2007,62000.0,130000.0,Petrol,0
Maruti Suzuki Omni Select Variant,Maruti,2014,6020.0,190000.0,Petrol,2
Honda Amaze,Honda,2013,55700.0,250000.0,Diesel,2
Tata Indica,Tata,2005,42000.0,80000.0,Petrol,0
Hyundai Santro Xing,Hyundai,2003,50000.0,120000.0,Petrol,0
Maruti Suzuki Zen Estilo,Maruti,2010,35000.0,149000.0,Petrol,0
Maruti Suzuki Wagon R LXI BS IV,Maruti,2014,18500.0,250000.0,Petrol,2
Maruti Suzuki Wagon R,Maruti,2007,7000.0,120000.0,Petrol,0
Honda Brio VX AT,Honda,2017,11000.0,450000.0,Petrol,2
Maruti Suzuki Zen LXi BSII,Maruti,2003,53000.0,99999.0,Petrol,0
Maruti Suzuki Zen Estilo LXI Green CNG,Maruti,2008,23000.0,135000.0,Petrol,0
Maruti Suzuki Wagon R Select Variant,Maruti,2016,35500.0,225000.0,Diesel,2
Maruti Suzuki Alto LXi BS III,Maruti,2010,22134.0,99000.0,Petrol,0
Renault Kwid RXT,Renault,2019,1000.0,370000.0,Petrol,2
Tata Nano Lx BSIV,Tata,2010,9000.0,52000.0,Petrol,2
Jaguar XE XE Portfolio,Jaguar,2016,8500.0,2800000.0,Petrol,1
Hyundai Eon Magna Plus,Hyundai,2014,35000.0,190000.0,Petrol,2
Honda City 1.5 S MT,Honda,2014,22000.0,499000.0,Petrol,2
Hindustan Motors Ambassador,Hindustan,2002,25000.0,90000.0,Diesel,0
Maruti Suzuki Ritz GENUS VXI,Maruti,2010,40000.0,149000.0,Petrol,0
Hyundai Grand i10 Magna AT 1.2 Kappa VTVT,Hyundai,2017,20000.0,400000.0,Petrol,2
Hyundai Eon D Lite Plus,Hyundai,2016,87000.0,120000.0,Petrol,2
Maruti Suzuki Swift Dzire VXi 1.2 BS IV,Maruti,2015,55000.0,250000.0,Petrol,2
Maruti Suzuki Wagon R VXI BS IV,Maruti,2017,23000.0,375000.0,Petrol,2
Honda Amaze 1.2 VX i VTEC,Honda,2014,6000.0,381000.0,Petrol,2
Maruti Suzuki Estilo VXi ABS BS IV,Maruti,2013,65000.0,180000.0,Petrol,0
Maruti Suzuki Vitara Brezza LDi O,Maruti,2016,25000.0,580000.0,Diesel,2
Maruti Suzuki Eeco 5 STR WITH AC HTR,Maruti,2015,39000.0,278000.0,Petrol,2
Hyundai Creta 1.6 SX Plus Petrol AT,Hyundai,2016,8000.0,1000000.0,Petrol,2
Mahindra Scorpio Vlx BSIV,Mahindra,2013,75000.0,690000.0,Diesel,2
Maruti Suzuki Ertiga VDi,Maruti,2012,51000.0,480000.0,Diesel,2
Mitsubishi Lancer 1.8 LXi,Mitsubishi,2006,50000.0,85000.0,Petrol,0
Maruti Suzuki Maruti 800 AC,Maruti,2001,75000.0,40000.0,Petrol,0
Maruti Suzuki Alto 800 LXI CNG O,Maruti,2015,55800.0,90000.0,Petrol,2
Hyundai Grand i10 Magna 1.2 Kappa VTVT,Hyundai,2015,53000.0,340000.0,Petrol,2
Hyundai Eon D Lite Plus,Hyundai,2018,25000.0,260000.0,Petrol,2
Ford Fiesta SXi 1.6 ABS,Ford,2009,56400.0,250000.0,Petrol,0
Maruti Suzuki Ritz VDi,Maruti,2010,72160.0,180000.0,Diesel,0
Hyundai Verna Fluidic New,Hyundai,2012,10000.0,350000.0,Diesel,2
Maruti Suzuki Wagon R LXi BS III,Maruti,2006,48000.0,90001.0,Petrol,0
Maruti Suzuki Estilo LX BS IV,Maruti,2007,36000.0,115000.0,Petrol,0
Audi A6 2.0 TDI Premium,Audi,2012,11500.0,1599000.0,Diesel,1
Maruti Suzuki Wagon R LXi BS III,Maruti,2003,133000.0,130000.0,Petrol,0
Maruti Suzuki Wagon R,Maruti,2009,27000.0,159000.0,Petrol,0
Maruti Suzuki Wagon R,Maruti,2009,35000.0,160000.0,Petrol,0
Maruti Suzuki Alto,Maruti,2010,55000.0,110000.0,Petrol,0
Maruti Suzuki Baleno Sigma 1.2,Maruti,2016,40000.0,425000.0,Petrol,2
Hyundai Verna 1.6 SX VTVT AT,Hyundai,2019,2000.0,900000.0,Petrol,2
Maruti Suzuki Swift GLAM,Maruti,2009,45000.0,150000.0,Petrol,0
Hyundai Getz Prime 1.3 GVS,Hyundai,2009,20000.0,110000.0,Petrol,0
Hyundai Santro,Hyundai,2000,88000.0,51999.0,Petrol,0
Hyundai Getz Prime 1.3 GLX,Hyundai,2009,20000.0,115000.0,Petrol,0
Chevrolet Beat PS Diesel,Chevrolet,2012,65422.0,215000.0,Diesel,0
Ford EcoSport Trend 1.5 Ti VCT,Ford,2017,10000.0,580000.0,Petrol,2
Maruti Suzuki Dzire ZXI,Maruti,2013,35000.0,380000.0,Petrol,2
Hyundai Fluidic Verna 1.6 CRDi SX,Hyundai,2013,117000.0,350000.0,Diesel,0
Tata Indica V2 DLG,Tata,2005,150000.0,35000.0,Diesel,0
BMW X1 xDrive20d xLine,BMW,2011,72000.0,1150000.0,Diesel,1
Hyundai i20 Asta 1.2,Hyundai,2010,10750.0,300000.0,Petrol,2
Honda City 1.5 V AT,Honda,2009,55000.0,269000.0,Petrol,0
Tata Nano,Tata,2013,6800.0,60000.0,Petrol,2
Chevrolet Cruze LTZ AT,Chevrolet,2014,41000.0,400000.0,Diesel,2
Hyundai Verna Fluidic New,Hyundai,2015,73000.0,430000.0,Diesel,2
Maruti Suzuki Swift Dzire VDi,Maruti,2011,65000.0,140000.0,Diesel,0
Mahindra XUV500 W6,Mahindra,2014,45000.0,850000.0,Diesel,2
Mahindra XUV500 W10,Mahindra,2018,40000.0,1299000.0,Diesel,1
Maruti Suzuki Alto K10 LXi CNG,Maruti,2014,37000.0,199000.0,Petrol,2
Hyundai Accent GLE,Hyundai,2006,55000.0,90000.0,Petrol,0
Force Motors One SUV,Force,2013,140000.0,550000.0,Diesel,0
Maruti Suzuki Alto,Maruti,2019,9800.0,265000.0,Petrol,2
Chevrolet Spark 1.0 LT,Chevrolet,2011,27000.0,100000.0,Petrol,2
Hyundai i10,Hyundai,2009,27000.0,215000.0,Petrol,0
Toyota Etios Liva GD,Toyota,2012,20000.0,380000.0,Diesel,2
Renault Duster 85PS Diesel RxL Optional with Nav,Renault,2013,57923.0,401919.0,Diesel,2
Chevrolet Enjoy,Chevrolet,2014,30201.0,490000.0,Diesel,2
Maruti Suzuki Alto 800 Lxi,Maruti,2017,6200.0,280000.0,Petrol,2
BMW 5 Series 530i,BMW,2009,37518.0,650000.0,Petrol,0
Toyota Etios Liva G,Toyota,2014,24652.0,160000.0,Petrol,2
Mahindra Jeep MM 550 XDB,Mahindra,2004,383.0,424000.0,Diesel,0
Chevrolet Beat LS Diesel,Chevrolet,2016,95000.0,225000.0,Diesel,2
Chevrolet Cruze LTZ,Chevrolet,2011,35000.0,350000.0,Diesel,2
Jeep Wrangler Unlimited 4x4 Diesel,Jeep,2015,3528.0,950000.0,Diesel,2
Maruti Suzuki Ertiga VDi,Maruti,2013,52500.0,485000.0,Diesel,2
Hyundai Verna VGT CRDi SX ABS,Hyundai,2010,47900.0,205000.0,Diesel,0
Maruti Suzuki Omni,Maruti,2012,14000.0,160000.0,Petrol,2
Maruti Suzuki Celerio VDi,Maruti,2018,37000.0,310000.0,Petrol,2
Tata Zest Quadrajet 1.3,Tata,2017,90000.0,180000.0,Diesel,2
Mahindra XUV500 W6,Mahindra,2013,52800.0,549900.0,Diesel,2
Tata Indigo CS eLX BS IV,Tata,2016,104000.0,150000.0,Diesel,0
Hyundai i10 Era,Hyundai,2011,30000.0,175000.0,Petrol,2
Tata Indigo eCS LX TDI BS III,Tata,2014,195000.0,95000.0,Diesel,0
Tata Indigo LX TDI BS III,Tata,2016,104000.0,230000.0,Diesel,0
Tata Indigo eCS LX CR4 BS IV,Tata,2016,104000.0,230000.0,Diesel,0
Tata Indigo Marina LS,Tata,2004,70000.0,180000.0,Diesel,0
Hyundai Xcent SX 1.2,Hyundai,2015,43000.0,400000.0,Diesel,2
Hyundai Eon Magna Plus,Hyundai,2013,23000.0,185000.0,Petrol,2
Renault Duster 85 PS RxL Diesel,Renault,2015,51000.0,385000.0,Diesel,2
Maruti Suzuki Alto K10 LXi CNG,Maruti,2009,62000.0,90000.0,Petrol,0
Tata Nano LX Special Edition,Tata,2010,48008.0,32000.0,Petrol,0
Renault Duster 110 PS RxZ Diesel,Renault,2013,39000.0,435000.0,Diesel,2
Maruti Suzuki Wagon R AX BSIV,Maruti,2010,40000.0,225000.0,Petrol,0
Maruti Suzuki Swift,Maruti,2006,48247.0,189700.0,Petrol,0
Maruti Suzuki Ertiga,Maruti,2012,39000.0,389700.0,Diesel,2
Maruti Suzuki Swift VXi 1.2 ABS BS IV,Maruti,2014,23000.0,365000.0,Petrol,2
Maruti Suzuki Alto K10 New,Maruti,2017,9400.0,360000.0,Petrol,2
Hyundai i20 Magna,Hyundai,2010,50000.0,210000.0,Petrol,0
Hyundai i10 Magna 1.2,Hyundai,2009,75000.0,170000.0,Petrol,0
Tata Zest XE 75 PS Diesel,Tata,2017,70000.0,380000.0,Diesel,2
Mahindra Xylo E8,Mahindra,2009,64000.0,295000.0,Diesel,0
Toyota Corolla Altis GL Petrol,Toyota,2010,55000.0,185000.0,Petrol,0
Tata Manza Aqua Quadrajet,Tata,2014,200000.0,160000.0,Diesel,0
Renault Kwid 1.0,Renault,2018,2137.0,290000.0,Petrol,2
Tata Venture EX 8 STR,Tata,2013,30000.0,100000.0,Diesel,2
Maruti Suzuki Swift Dzire Tour LXi,Maruti,2014,44000.0,315000.0,Petrol,2
Skoda Octavia Classic 1.9 TDI MT,Skoda,2006,65000.0,114990.0,Diesel,0
Maruti Suzuki Omni LPG BS IV,Maruti,2012,160000.0,120000.0,LPG,0
Chevrolet Beat Diesel,Chevrolet,2011,56000.0,125000.0,Diesel,0
Tata Sumo Gold EX BS IV,Tata,2012,75000.0,210000.0,Diesel,0
Hyundai Verna 1.6 CRDI SX,Hyundai,2018,42000.0,855000.0,Diesel,2
Mahindra Scorpio 2.6 CRDe,Mahindra,2007,56000.0,260000.0,Diesel,0
Maruti Suzuki Zen LXi BS III,Maruti,2002,10544.0,95000.0,Petrol,0
Maruti Suzuki Swift Dzire VXi 1.2 BS IV,Maruti,2011,64000.0,255000.0,Petrol,0
Mahindra Scorpio SLX 2.6 Turbo 8 Str,Mahindra,2008,70000.0,300000.0,Diesel,0
Hyundai Grand i10 Sportz 1.2 Kappa VTVT,Hyundai,2014,25000.0,340000.0,Petrol,2
Hyundai Elite i20 Sportz 1.2,Hyundai,2017,15000.0,550000.0,Petrol,2
Ford Ikon 1.6 Nxt,Ford,2003,50000.0,60000.0,Petrol,0
Toyota Innova 2.5 V 7 STR,Toyota,2011,147000.0,750000.0,Diesel,0
Nissan Sunny XL,Nissan,2011,52000.0,230000.0,Petrol,0
Chevrolet Beat LT Diesel,Chevrolet,2012,90001.0,130000.0,Diesel,0
Maruti Suzuki Alto 800 Lxi,Maruti,2017,21000.0,270000.0,Petrol,2
Maruti Suzuki Swift VDi BS IV,Maruti,2012,48006.0,280000.0,Diesel,2
Maruti Suzuki Swift,Maruti,2012,48006.0,280000.0,Diesel,2
Toyota Innova 2.0 G4,Toyota,2012,80000.0,600000.0,Diesel,0
Maruti Suzuki Swift VDi ABS,Maruti,2010,74000.0,190000.0,Diesel,0
Hyundai Elite i20 Asta 1.2,Hyundai,2015,22000.0,500000.0,Petrol,2
Mahindra XUV500 W10,Mahindra,2016,41000.0,1065000.0,Diesel,1
Volkswagen Polo Trendline 1.5L D,Volkswagen,2015,25000.0,350000.0,Diesel,2
Toyota Etios Liva Diesel,Toyota,2012,85000.0,350000.0,Diesel,0
Mahindra TUV300 T4 Plus,Mahindra,2016,29500.0,540000.0,Diesel,2
Hyundai Elite i20 Asta 1.2,Hyundai,2015,30000.0,470000.0,Petrol,2
Hyundai Santro Xing GLS,Hyundai,2014,57000.0,179000.0,Petrol,2
Maruti Suzuki Zen LXi BS III,Maruti,2003,60000.0,48000.0,Petrol,0
Maruti Suzuki Ciaz ZXi Plus RS,Maruti,2016,50000.0,650000.0,Petrol,2
Hyundai Eon Era Plus,Hyundai,2013,39700.0,190000.0,Petrol,2
Hyundai Elantra 1.8 S,Hyundai,2012,65000.0,500000.0,Petrol,0
Maruti Suzuki Swift VDi,Maruti,2010,67000.0,270000.0,Diesel,0
Maruti Suzuki Zen Estilo LXI Green CNG,Maruti,2008,46000.0,125000.0,Petrol,0
Hyundai Eon Era Plus,Hyundai,2012,38000.0,188000.0,Petrol,2
Hyundai Grand i10 Magna 1.2 Kappa VTVT,Hyundai,2016,27000.0,380000.0,Petrol,2
Hyundai Verna Fluidic New,Hyundai,2011,43000.0,365000.0,Diesel,2
Ford EcoSport Trend 1.5L Ti VCT,Ford,2014,47000.0,465000.0,Petrol,2
Hyundai i20 Magna,Hyundai,2011,42000.0,240000.0,Petrol,0
Chevrolet Beat Diesel,Chevrolet,2016,19336.0,179999.0,Diesel,2
Tata Indica eV2 LS,Tata,2015,60105.0,140000.0,Diesel,2
Jaguar XF 2.2 Diesel Luxury,Jaguar,2013,29000.0,2190000.0,Diesel,1
Audi Q5 2.0 TDI quattro Premium Plus,Audi,2014,34000.0,2390000.0,Diesel,1
BMW 3 Series 320d Sedan,BMW,2011,35000.0,1075000.0,Diesel,1
Maruti Suzuki Swift ZXi 1.2 BS IV,Maruti,2015,22000.0,475000.0,Petrol,2
BMW X1 sDrive20d,BMW,2012,41000.0,1025000.0,Diesel,1
Maruti Suzuki S Cross Sigma 1.3,Maruti,2016,21000.0,615000.0,Diesel,2
Maruti Suzuki Ertiga LDi,Maruti,2013,48000.0,475000.0,Diesel,2
Maruti Suzuki Alto K10 VXi AMT,Maruti,2016,38000.0,270000.0,Petrol,2
Honda City SV,Honda,2014,34000.0,475000.0,Diesel,2
Volkswagen Vento Comfortline Petrol,Volkswagen,2011,45933.0,240000.0,Petrol,0
Honda City 1.5 EXi New,Honda,2005,68000.0,120000.0,Petrol,0
Audi A4 2.0 TDI 177bhp Premium,Audi,2016,44000.0,1900000.0,Diesel,1
Mahindra KUV100,Mahindra,2017,35000.0,360000.0,Diesel,2
Tata Zest XE 75 PS Diesel,Tata,2018,102563.0,450000.0,Diesel,2
Mahindra XUV500 W8,Mahindra,2015,28600.0,900000.0,Diesel,2
Maruti Suzuki Swift Dzire Tour VDi,Maruti,2017,41800.0,650000.0,Diesel,2
Tata Sumo Gold LX BS IV,Tata,2014,116000.0,275000.0,Diesel,0
Maruti Suzuki Swift Dzire VXi 1.2 BS IV,Maruti,2009,59000.0,210000.0,Petrol,0
Mahindra Scorpio 2.6 SLX,Mahindra,2004,58000.0,175000.0,Diesel,0
Maruti Suzuki Omni 8 STR BS III,Maruti,2009,45000.0,85000.0,Petrol,0
Mitsubishi Pajero Sport Limited Edition,Mitsubishi,2015,42590.0,1490000.0,Diesel,1
Renault Duster,Renault,2014,7400.0,800000.0,Diesel,2
Volkswagen Jetta Comfortline 1.9 TDI AT,Volkswagen,2009,54500.0,450000.0,Diesel,0
Maruti Suzuki Ertiga Vxi,Maruti,2012,200000.0,1000000.0,Diesel,0
Audi A4 2.0 TDI 177bhp Premium,Audi,2013,27000.0,1510000.0,Diesel,1
Volvo S80 Summum D4,Volvo,2015,42000.0,1850000.0,Diesel,1
Toyota Corolla Altis VL AT Petrol,Toyota,2014,29000.0,790000.0,Petrol,2
Mitsubishi Pajero Sport 2.5 AT,Mitsubishi,2015,37000.0,1725000.0,Diesel,1
Chevrolet Beat LT Petrol,Chevrolet,2012,36000.0,135000.0,Petrol,2
BMW X1,BMW,2011,34000.0,1000000.0,Diesel,2
Datsun Redi GO S,Datsun,2018,7000.0,299999.0,Petrol,2
Mercedes Benz C Class C 220 CDI Avantgarde,Mercedes,2009,76000.0,1225000.0,Diesel,1
Mahindra Scorpio SLX,Mahindra,2004,60000.0,175000.0,Diesel,0
Volkswagen Vento Comfortline Diesel,Volkswagen,2011,95000.0,200000.0,Diesel,0
Tata Indigo CS GLS,Tata,2017,50000.0,270000.0,Diesel,2
Ford Figo Petrol Titanium,Ford,2019,0.0,525000.0,Petrol,2
Honda City ZX GXi,Honda,2006,50000.0,180000.0,Petrol,0
Maruti Suzuki Wagon R Duo Lxi,Maruti,2008,68000.0,140000.0,Petrol,0
Ford EcoSport Trend 1.5L TDCi,Ford,2014,16000.0,400000.0,Petrol,2
Maruti Suzuki Swift Dzire VDi,Maruti,2016,51000.0,499000.0,Diesel,2
Maruti Suzuki Omni 8 STR BS III,Maruti,2009,56000.0,85000.0,Petrol,0
Maruti Suzuki Zen LX BSII,Maruti,2004,100000.0,70000.0,Petrol,0
Renault Duster RxL Petrol,Renault,2015,36000.0,550000.0,Petrol,2
Maruti Suzuki Swift VXi 1.2 BS IV,Maruti,2014,11523.0,370000.0,Petrol,2
Maruti Suzuki Baleno Zeta 1.2,Maruti,2018,1000.0,690000.0,Petrol,2
Honda WR V S MT Petrol,Honda,2009,60000.0,250000.0,Petrol,0
Tata Indigo CS eLX BS IV,Tata,2016,85000.0,110000.0,Diesel,2
Renault Duster 110 PS RxL Diesel,Renault,2013,38600.0,490000.0,Diesel,2
Mahindra Scorpio LX BS III,Mahindra,2009,95500.0,320000.0,Diesel,0
Maruti Suzuki Zen LXi BS III,Maruti,2004,56000.0,68000.0,Petrol,0
Maruti Suzuki Wagon R LXi BS III,Maruti,2014,37458.0,130000.0,Petrol,2
Maruti Suzuki SX4 Celebration Diesel,Maruti,2016,85960.0,970000.0,Diesel,2
Audi A3 Cabriolet 40 TFSI,Audi,2015,12516.0,3100000.0,Petrol,1
Hyundai Eon D Lite Plus,Hyundai,2018,35000.0,280000.0,Petrol,2
Maruti Suzuki Zen Estilo LXI Green CNG,Maruti,2009,0.0,125000.0,Petrol,2
Mahindra Scorpio SLX,Mahindra,2008,80000.0,285000.0,Diesel,0
Hyundai Santro AE GLS Audio,Hyundai,2011,45000.0,165000.0,Petrol,0
Maruti Suzuki Swift Dzire Tour VDi,Maruti,2009,51000.0,250000.0,Diesel,0
Mahindra Xylo D2 BS IV,Mahindra,2011,48000.0,390000.0,Diesel,0
Hyundai Santro,Hyundai,2003,51000.0,60000.0,Petrol,0
Chevrolet Beat LT Diesel,Chevrolet,2015,90000.0,215000.0,Diesel,0
Maruti Suzuki Swift Dzire VDi,Maruti,2015,43000.0,475000.0,Diesel,2
Mahindra XUV500 W8,Mahindra,2015,53000.0,899000.0,Diesel,2
Toyota Fortuner 3.0 4x4 MT,Toyota,2013,97000.0,1499000.0,Diesel,1
Maruti Suzuki Alto K10 VXi,Maruti,2013,20000.0,240000.0,Petrol,2
Hyundai Getz GLE,Hyundai,2007,55000.0,99000.0,Petrol,0
Maruti Suzuki Swift Dzire Tour LDi,Maruti,2014,120000.0,260000.0,Diesel,0
Hyundai Creta 1.6 SX,Hyundai,2019,0.0,1200000.0,Petrol,1
Hyundai Santro Xing XL AT eRLX Euro III,Hyundai,2007,46000.0,115000.0,Petrol,0
Hyundai Santro Xing XL eRLX Euro III,Hyundai,2009,43200.0,88000.0,Petrol,0
Mahindra Xylo D2 BS IV,Mahindra,2011,56000.0,390000.0,Diesel,0
Hyundai Santro Xing XL eRLX Euro III,Hyundai,2007,42000.0,135000.0,Petrol,0
Tata Indica V2 DLS BS III,Tata,2009,30600.0,90000.0,Diesel,0
Hyundai i10 Sportz 1.2,Hyundai,2011,38000.0,220000.0,Petrol,0
Hyundai Grand i10 Magna 1.2 Kappa VTVT,Hyundai,2017,2550.0,424999.0,Petrol,2
Hyundai Santro Xing XL AT eRLX Euro III,Hyundai,2007,47000.0,135000.0,Petrol,0
Honda City 1.5 E MT,Honda,2005,41000.0,95000.0,Petrol,0
Nissan Micra XL,Nissan,2017,62500.0,430000.0,Diesel,2
Honda City 1.5 S Inspire,Honda,2005,68000.0,115000.0,Petrol,0
Maruti Suzuki Alto 800 Lxi,Maruti,2015,50000.0,215000.0,Petrol,2
Maruti Suzuki Wagon R LX BS III,Maruti,2004,69000.0,53000.0,Petrol,0
Maruti Suzuki Ertiga VDi,Maruti,2012,48000.0,500000.0,Diesel,2
Tata Indica eV2 eXeta eGLX,Tata,2012,55000.0,85000.0,Diesel,0
Maruti Suzuki Omni E 8 STR BS IV,Maruti,2013,25000.0,165000.0,Petrol,2
Hyundai Eon Era Plus,Hyundai,2014,28400.0,200000.0,Petrol,2
Hyundai Eon,Hyundai,2014,28000.0,200000.0,Petrol,2
Maruti Suzuki Swift LDi,Maruti,2015,42000.0,425000.0,Diesel,2
Hyundai Verna 1.6 CRDI SX Plus AT,Hyundai,2012,29000.0,600000.0,Diesel,2
Chevrolet Tavera LS B3 10 Seats BSII,Chevrolet,2005,68485.0,130000.0,Diesel,0
Tata Tiago Revotron XM,Tata,2018,3500.0,430000.0,Petrol,2
Tata Tiago Revotorq XZ,Tata,2019,0.0,568500.0,Petrol,2
Maruti Suzuki Zen LXi BS III,Maruti,2006,32000.0,71000.0,Petrol,0
Mahindra KUV100 K8 D 6 STR,Mahindra,2018,8000.0,560000.0,Diesel,2
Ford EcoSport Titanium 1.5 TDCi,Ford,2014,34000.0,590000.0,Diesel,2
Hindustan Motors Ambassador Classic Mark 4 â Befo,Hindustan,1995,37000.0,750000.0,Petrol,0
Ford Fusion 1.4 TDCi Diesel,Ford,2007,85455.0,125000.0,Diesel,0
Hyundai Santro Xing XL AT eRLX Euro III,Hyundai,2007,46000.0,135000.0,Petrol,0
Hyundai Santro,Hyundai,2002,47000.0,60000.0,Petrol,0
Fiat Linea Emotion 1.4 L T Jet Petrol,Fiat,2009,64000.0,120000.0,Petrol,0
Ford Ikon 1.3 Flair Josh 100,Ford,2008,46000.0,95000.0,Petrol,0
Maruti Suzuki Omni E 8 STR BS IV,Maruti,2017,8000.0,240000.0,Petrol,2
Tata Indica V2 LS,Tata,2012,64000.0,115000.0,Diesel,0
Mahindra Scorpio S4,Mahindra,2015,63000.0,795000.0,Diesel,2
Hyundai Santro Xing XL eRLX Euro III,Hyundai,2007,65000.0,55000.0,Petrol,0
Mahindra Xylo D2,Mahindra,2009,62000.0,300000.0,Diesel,0
Hyundai Grand i10 Asta 1.2 Kappa VTVT,Hyundai,2014,41000.0,320000.0,Petrol,2
Maruti Suzuki Alto 800 Lxi,Maruti,2015,14000.0,265000.0,Petrol,2
Toyota Corolla,Toyota,2006,40000.0,160000.0,Petrol,0
Hyundai Eon Magna,Hyundai,2017,1600.0,300000.0,Petrol,2
Tata Sumo Grande MKII GX,Tata,2010,90000.0,130000.0,Diesel,0
Maruti Suzuki Swift VDi,Maruti,2011,58000.0,250000.0,Diesel,0
Volkswagen Polo Highline1.2L P,Volkswagen,2013,27000.0,380000.0,Petrol,2
Maruti Suzuki Alto 800 Lx,Maruti,2003,60000.0,42000.0,Petrol,0
Tata Tiago Revotron XZ,Tata,2017,31000.0,400000.0,Petrol,2
Maruti Suzuki Swift LDi,Maruti,2009,90000.0,120000.0,Diesel,0
Maruti Suzuki Swift VDi,Maruti,2009,90000.0,120000.0,Diesel,0
Tata Indigo eCS,Tata,2016,150000.0,130000.0,Diesel,0
Chevrolet Beat LS Diesel,Chevrolet,2014,31000.0,189000.0,Diesel,2
Mahindra Xylo E8 BS IV,Mahindra,2011,43000.0,365000.0,Diesel,2
Hyundai Eon D Lite Plus,Hyundai,2013,20000.0,170000.0,Petrol,2
Tata Sumo Gold FX BSIII,Tata,2013,100000.0,215000.0,Petrol,0
Tata Nano,Tata,2013,7000.0,60000.0,Petrol,2
Hyundai Elite i20,Hyundai,2017,31000.0,599999.0,Petrol,2
Hyundai i10 Magna 1.2 Kappa2,Hyundai,2009,33000.0,400000.0,Petrol,0
Hyundai Creta,Hyundai,2016,60000.0,900000.0,Diesel,2
Volkswagen Polo,Volkswagen,2013,48000.0,299999.0,Diesel,2
Maruti Suzuki Dzire,Maruti,2014,33000.0,374999.0,Petrol,2
Tata Bolt XM Petrol,Tata,2015,15000.0,600000.0,Petrol,2
Maruti Suzuki Alto 800 Lx,Maruti,2005,47000.0,70000.0,Petrol,0
Maruti Suzuki Alto,Maruti,2005,40000.0,100000.0,Petrol,0
Maruti Suzuki Ritz,Maruti,2010,38000.0,150000.0,Diesel,0
Maruti Suzuki Alto 800 Lxi,Maruti,2017,12500.0,225000.0,Petrol,2
Maruti Suzuki Dzire,Maruti,2009,42000.0,210000.0,Petrol,0
Hyundai i20 Asta,Hyundai,2014,31000.0,425000.0,Petrol,2
Maruti Suzuki Swift Select Variant,Maruti,2008,60000.0,162000.0,Diesel,0
Tata Indica V2 DLX BS III,Tata,2005,80000.0,60000.0,Diesel,0
Mahindra Scorpio VLX 2.2 mHawk Airbag BSIV,Mahindra,2014,77000.0,650000.0,Diesel,2
Toyota Innova 2.5 E 8 STR,Toyota,2012,75000.0,750000.0,Diesel,2
Mahindra Xylo E8,Mahindra,2010,40000.0,375000.0,Diesel,0
Hyundai i20 Magna 1.2,Hyundai,2011,47000.0,230000.0,Petrol,0
Maruti Suzuki Omni,Maruti,2000,60000.0,35999.0,Petrol,0
Mahindra KUV100,Mahindra,2016,26500.0,380000.0,Petrol,2
Mahindra KUV100 K8 6 STR,Mahindra,2019,2875.0,560000.0,Petrol,2
Datsun Go Plus,Datsun,2016,13900.0,285000.0,Petrol,2
Ford Endeavor 4x4 Thunder Plus,Ford,2019,9000.0,2900000.0,Diesel,1
Tata Indica V2,Tata,2005,80000.0,39999.0,Diesel,0
Hyundai Santro Xing GL,Hyundai,2006,60000.0,85000.0,Petrol,0
Maruti Suzuki Wagon R 1.0 VXi,Maruti,2016,20000.0,395000.0,Petrol,2
Maruti Suzuki Swift Select Variant,Maruti,2008,58000.0,175000.0,Diesel,0
Maruti Suzuki Alto 800 Lx,Maruti,2019,1500.0,400000.0,Petrol,2
Toyota Innova 2.5 Z Diesel 7 Seater,Toyota,2011,75000.0,750000.0,Diesel,0
Maruti Suzuki Alto 800,Maruti,2016,2450.0,250000.0,Petrol,2
Maruti Suzuki Alto AX,Maruti,2019,1625.0,425000.0,Petrol,2
Volkswagen Polo Highline1.2L P,Volkswagen,2017,45000.0,525000.0,Petrol,2
Mahindra Logan,Mahindra,2009,65000.0,130000.0,Diesel,0
Maruti Suzuki 800 Std BS III,Maruti,2000,33400.0,30000.0,Petrol,0
Mahindra Scorpio,Mahindra,2011,60123.0,475000.0,Diesel,0
Chevrolet Sail 1.2 LS,Chevrolet,2013,28000.0,300000.0,Petrol,2
Hyundai Santro AE GLS Audio,Hyundai,2003,70000.0,60000.0,Petrol,0
Maruti Suzuki Wagon R VXi Minor,Maruti,2006,7000.0,100000.0,Petrol,0
Hyundai Eon,Hyundai,2018,25000.0,260000.0,Petrol,2
Tata Manza,Tata,2015,100000.0,100000.0,Diesel,0
Toyota Etios G,Toyota,2013,42000.0,265000.0,Petrol,2
Toyota Qualis,Toyota,2003,100000.0,180000.0,Diesel,0
Hyundai Santro Xing,Hyundai,2004,137495.0,45000.0,Petrol,0
Tata Indica eV2 LS,Tata,2016,91200.0,50500.0,Diesel,0
Honda City 1.5 S MT,Honda,2009,55000.0,270000.0,Petrol,0
Tata Zest XE 75 PS Diesel,Tata,2017,120000.0,290000.0,Diesel,0
Mahindra Quanto C4,Mahindra,2013,63000.0,325000.0,Diesel,2
Tata Indigo eCS LX CR4 BS IV,Tata,2016,104000.0,160000.0,Diesel,0
Maruti Suzuki Swift Dzire,Maruti,2016,146000.0,350000.0,Diesel,0
Hyundai Elite i20,Hyundai,2011,40000.0,290000.0,Petrol,2
Hyundai i20 Select Variant,Hyundai,2011,40000.0,290000.0,Petrol,2
Chevrolet Tavera Neo,Chevrolet,2007,100800.0,465000.0,Diesel,0
Maruti Suzuki Dzire,Maruti,2016,150000.0,325000.0,Diesel,0
Hyundai Elite i20,Hyundai,2018,2100.0,510000.0,Petrol,2
Honda City VX Petrol,Honda,2016,95000.0,860000.0,Petrol,2
Maruti Suzuki Dzire,Maruti,2016,2500.0,450000.0,Diesel,2
Hyundai Getz,Hyundai,2006,80000.0,125000.0,Petrol,0
Mercedes Benz C Class 200 K MT,Mercedes,2006,15000.0,500001.0,Petrol,0
Maruti Suzuki Alto LXi BS III,Maruti,2005,65000.0,95000.0,Petrol,0
Skoda Fabia,Skoda,2009,45000.0,110000.0,Petrol,0
Maruti Suzuki Ritz VXI ABS,Maruti,2011,50000.0,270000.0,Petrol,0
Tata Indica V2 DLE BS III,Tata,2009,30000.0,110000.0,Diesel,0
Toyota Corolla Altis,Toyota,2009,132000.0,300000.0,Petrol,0
Tata Zest XM Diesel,Tata,2018,27000.0,260000.0,Diesel,2
Mahindra Quanto C8,Mahindra,2013,40000.0,390000.0,Diesel,2
